{
  "selection_metric": "f1_score",
  "metrics": {
    "accuracy": 0.7579843860894251,
    "precision": 0.5306122448979592,
    "recall": 0.7647058823529411,
    "f1_score": 0.6265060240963856,
    "roc_auc": 0.8414735591206179
  },
  "notes": "Metrics calculated on the held-out test set."
}